c0d7f1b2-4917-45ed-9511-1335ac6074d1:27,CSFINs,3/2/2020 9:39,3/2/2020 9:39,DELIVRD,Stock Cash: BUY 1000 shares of HCLTECH    ABOVE 696 TG1 702 TG2 708 SL 689. www.capitalstroke.com 7773002966,118,1,1,NULL,9177829054,"",AIRTEL,ANDHRA PRADESH
4f346c49-778c-41b2-a7e8-86344467fd15:27,CSFINs,3/2/2020 9:41,3/2/2020 9:41,DELIVRD,Stock Cash CORRECTION: BUY 1000 shares of GRASIM ABOVE 696 TG1 702 TG2 708 SL 689. www.capitalstroke.com 7773002966,117,1,1,NULL,9177829054,"",AIRTEL,ANDHRA PRADESH
9730895527-24,CSFINS,3/2/2020 12:11,3/2/2020 12:11,DELIVRD,Stock Cash: BUY 1100 shares of TECHM      ABOVE 750 TG1 757 TG2 764 SL 743. www.capitalstroke.com 7773002966,102,1,1,NULL,9177829054,"",AIRTEL,ANDHRA PRADESH
9730877195-21,CSFINs,2/3/2020 10:33,2/3/2020 10:33,DELIVRD,Stock Cash: BUY 500 shares of INDUSINDBK AT 1353 TG1 1360 TG2 1370 SL 1340. www.capitalstroke.com 7773002966,92,1,1,NULL,9177829054,"",AIRTEL,ANDHRA PRADESH
a1b76286-c510-448a-982a-6ea15bb9485b:24,CSFINs,2/3/2020 10:34,2/3/2020 10:34,DELIVRD,Stock Cash: BUY 500 shares of INDUSINDBK AT 1253 TG1 1260 TG2 1270 SL 1240. www.capitalstroke.com 7773002966,98,1,1,NULL,9177829054,"",AIRTEL,ANDHRA PRADESH
cf4e6de9-a990-4968-b107-870b2d80e45c:27,CSFINs,3/3/2020 11:43,3/3/2020 11:43,DELIVRD,Stock Cash: SELL 1101 shares of CEATLTD    AT 992 TG1 983 TG2 974 SL 1000. www.capitalstroke.com 7773002966,88,1,1,NULL,9177829054,"",AIRTEL,ANDHRA PRADESH
9730895815-24,CSFINs,3/3/2020 15:27,3/3/2020 15:27,DELIVRD,Alert: CEATLTD    SL Triggered (1000) Please Quit. www.capitalstroke.com 7773002966,108,1,1,NULL,9177829054,"",AIRTEL,ANDHRA PRADESH
