9730895527-11,CSFINS,10/7/2019 10:19,10/7/2019 10:19,DELIVRD,Stock Cash: BUY 500 shares of AXISBANK ABOVE 665 TG1 671 TG2 677 SL 655. www.capitalstroke.com 7773002966,98,1,1,NULL,7588771428,"",BSNL,MAHARASHTRA
cf4e6de9-a990-4968-b107-870b2d80e45c:14,CSFINS,10/7/2019 10:47,10/7/2019 10:47,DELIVRD,Followup: AXISBANK Target 1 achieved (671) Book Some Profit. www.capitalstroke.com 7773002966,79,1,1,NULL,7588771428,"",BSNL,MAHARASHTRA
9730895815-11,CSFINS,10/7/2019 11:37,10/7/2019 11:37,DELIVRD,Followup: AXISBANK Target 2 achieved (677) Book Some Profit. www.capitalstroke.com 7773002966,121,1,1,NULL,7588771428,"",BSNL,MAHARASHTRA
f98958c6-ebaa-4adb-a2ef-4ddaac516fa3:14,CSFINS,11/7/2019 10:34,11/7/2019 10:34,DELIVRD,Stock Cash: BUY 500 shares of INFY AT 714 TG1 720 TG2 727 SL 708 www.capitalstroke.com 7773002966,115,1,1,NULL,7588771428,"",BSNL,MAHARASHTRA
0434f325-3476-4e9a-ab8d-ac8eb1fe667e:17,CSFINS,11/7/2019 10:51,11/7/2019 10:51,DELIVRD,Followup: INFY Target 1 achieved (720) Book Some Profit. www.capitalstroke.com 7773002966,94,1,1,NULL,7588771428,"",BSNL,MAHARASHTRA
