17085a34-ff43-4f29-9ade-bc9a0e1584d3:65,CSFINs,6/6/2019 12:02,6/6/2019 12:02,DELIVRD,Stock Cash: BUY 500 shares of IBULHSGFIN AT 805 TG1 812 TG2 820 SL 799 www.capitalstroke.com 7773002966,85,1,1,NULL,9896341232,"",AIRTEL,HARYANA
9730877195-1,CSFINs,6/6/2019 14:15,6/6/2019 14:15,DELIVRD,Alert: IBULHSGFIN  SL Triggered (799) Please Quit. www.capitalstroke.com 7773002966,90,1,1,NULL,9896341232,"",AIRTEL,HARYANA
a1b76286-c510-448a-982a-6ea15bb9485b:4,CSFINs,6/6/2019 11:19,6/6/2019 11:19,DELIVRD,Stock Cash: SELL 300 shares of INDIGO     AT 1686 TG1 1675 TG2 1665 SL 1700. www.capitalstroke.com 7773002966,71,1,1,NULL,9896341232,"",AIRTEL,HARYANA
9730881319-1,CSFINs,6/6/2019 12:50,6/6/2019 12:50,DELIVRD,Followup: INDIGO     Target 1 achieved (1675) Book Some Profit. www.capitalstroke.com 7773002966,71,1,1,NULL,9896341232,"",AIRTEL,HARYANA
f98958c6-ebaa-4adb-a2ef-4ddaac516fa3:1,CSFINs,6/6/2019 15:27,6/6/2019 15:27,DELIVRD,Followup: INDIGO     Target 2 achieved (1665) Book Full Profit. www.capitalstroke.com 7773002966,94,1,1,NULL,9896341232,"",AIRTEL,HARYANA
0434f325-3476-4e9a-ab8d-ac8eb1fe667e:4,CSFINs,6/6/2019 10:26,6/6/2019 10:26,DELIVRD,Stock Cash: SELL 500 shares of AXISBANK AT 817 TG1 810 TG2 802 SL 825 www.capitalstroke.com 7773002966,80,1,1,NULL,9896341232,"",AIRTEL,HARYANA
c0d7f1b2-4917-45ed-9511-1335ac6074d1:4,CSFINs,6/6/2019 15:00,6/6/2019 15:00,DELIVRD,Followup: AXISBANK     Target 1 achieved (810) Book Some Profit. www.capitalstroke.com 7773002966,93,1,1,NULL,9896341232,"",AIRTEL,HARYANA
9730881319-5,CSFINs,8/6/2019 9:46,8/6/2019 9:46,DELIVRD,Stock Cash: SELL 300 shares of INDIGO BELOW 1450 TG1 1435 TG2 1420 SL 1465 www.capitalstroke.com 7773002966,85,1,1,NULL,9896341232,"",AIRTEL,HARYANA
f98958c6-ebaa-4adb-a2ef-4ddaac516fa3:5,CSFINs,8/6/2019 9:50,8/6/2019 9:50,DELIVRD,Followup: INDIGO     Target 1 achieved (1435) Book Some Profit. www.capitalstroke.com 7773002966,79,1,1,NULL,9896341232,"",AIRTEL,HARYANA
0434f325-3476-4e9a-ab8d-ac8eb1fe667e:8,CSFINs,8/6/2019 9:55,8/6/2019 9:55,DELIVRD,Followup: INDIGO     Target 2 achieved (1420) Book Full Profit. www.capitalstroke.com 7773002966,71,1,1,NULL,9896341232,"",AIRTEL,HARYANA
adec4476-3b11-40db-b4c2-8a6a7656ca1b:59,CSFINS,9/6/2019 10:05,9/6/2019 10:05,DELIVRD,Stock Cash: SELL 300 shares of ASIANPAINT AT 1525 TG1 1510 TG2 1495 SL 1535. www.capitalstroke.com 7773002966,99,1,1,"",9896341232,"",AIRTEL,HARYANA
17085a34-ff43-4f29-9ade-bc9a0e1584d3:73,CSFINS,9/6/2019 12:19,9/6/2019 12:19,DELIVRD,Alert: ASIANPAINT        SL Triggered (1535) Please Quit. www.capitalstroke.com 7773002966,100,1,1,"",9896341232,"",AIRTEL,HARYANA
a1b76286-c510-448a-982a-6ea15bb9485b:17,CSFINS,11/6/2019 9:50,11/6/2019 9:50,DELIVRD,Stock Cash: SELL 500 shares of TATAELXSI AT 815 TG1 808 TG2 800 SL 824 www.capitalstroke.com 7773002966,98,1,1,NULL,9896341232,"",AIRTEL,HARYANA
9730881319-14,CSFINS,11/6/2019 9:58,11/6/2019 9:58,DELIVRD,Followup: TATAELXSI Target 1 achieved (808) Book Some Profit. www.capitalstroke.com 7773002966,81,1,1,NULL,9896341232,"",AIRTEL,HARYANA
adec4476-3b11-40db-b4c2-8a6a7656ca1b:67,CSFINS,12/6/2019 9:56,12/6/2019 9:56,DELIVRD,Stock Cash: SELL 500 shares of ESCORTS AT 613 TG1 607 TG2 600 SL 620. www.capitalstroke.com 7773002966,79,1,1,NULL,9896341232,"",AIRTEL,HARYANA
17085a34-ff43-4f29-9ade-bc9a0e1584d3:81,CSFINs,12/6/2019 10:06,12/6/2019 10:06,DELIVRD,Followup: ESCORTS Target 1 achieved (607) Book Some Profit. www.capitalstroke.com 7773002966,111,1,1,NULL,9896341232,"",AIRTEL,HARYANA
9730877195-17,CSFINs,12/6/2019 10:18,12/6/2019 10:18,DELIVRD,Followup: ESCORTS Target 2 achieved (600) Book Some Profit. www.capitalstroke.com 7773002966,98,1,1,NULL,9896341232,"",AIRTEL,HARYANA
cf4e6de9-a990-4968-b107-870b2d80e45c:6,CSFINs,7/8/2019 11:00,7/8/2019 11:00,DELIVRD,Stock Cash: SELL 500 shares of MCDOWELL-N AT 575 TG1 570 TG2 565 SL 582 www.capitalstroke.com 7773002966,94,1,1,NULL,9896341232,"",AIRTEL,HARYANA
9730895815-3,CSFINs,7/8/2019 11:40,7/8/2019 11:40,DELIVRD,Alert: MCDOWELL-N  SL Triggered (582) Please Quit. www.capitalstroke.com 7773002966,90,1,1,NULL,9896341232,"",AIRTEL,HARYANA
c0d7f1b2-4917-45ed-9511-1335ac6074d1:8,CSFINs,8/8/2019 10:57,8/8/2019 10:57,DELIVRD,Stock Cash: SELL 300 shares of LT BELOW 1353 TG1 1343 TG2 1330 SL 1365 www.capitalstroke.com 7773002966,88,1,1,NULL,9896341232,"",AIRTEL,HARYANA
4f346c49-778c-41b2-a7e8-86344467fd15:8,CSFINs,8/8/2019 12:00,8/8/2019 12:00,DELIVRD,Followup: LT     Target 1 achieved (1343) Book Some Profit. www.capitalstroke.com 7773002966,80,1,1,NULL,9896341232,"",AIRTEL,HARYANA
c0d7f1b2-4917-45ed-9511-1335ac6074d1:17,CSFINS,11/8/2019 9:44,11/8/2019 9:44,DELIVRD,Stock Cash: BUY 300 shares of JUBLFOOD AT 1630 TG1 1645 TG2 1660 SL 1615. www.capitalstroke.com 7773002966,94,1,1,NULL,9896341232,"",AIRTEL,HARYANA
4f346c49-778c-41b2-a7e8-86344467fd15:17,CSFINS,11/8/2019 9:56,11/8/2019 9:56,DELIVRD,Alert: JUBLFOOD SL Triggered (1615) Please Quit. www.capitalstroke.com 7773002966,118,1,1,NULL,9896341232,"",AIRTEL,HARYANA
