c78056ef-0fa7-4b86-bdae-39bf7cbbbe2c:6,CSFINs,7/10/2019 12:12,7/10/2019 12:12,DELIVRD,Stock Cash: SELL 300 shares of DIVISLAB AT 1615 TG1 1600 TG2 1585 SL 1630 www.capitalstroke.com 7773002966,70,1,1,NULL,9594946422,"",IDEA,MAHARASHTRA
9730897691-3,CSFINs,7/11/2019 13:43,7/11/2019 13:43,DELIVRD,Stock Cash: BUY 300 shares of INDUSINDBK AT 1550 TG1 1565 TG2 1580 SL 1535. www.capitalstroke.com 7773002966,70,1,1,NULL,9594946422,"",IDEA,MAHARASHTRA
f98958c6-ebaa-4adb-a2ef-4ddaac516fa3:9,CSFINS,9/11/2019 9:34,9/11/2019 9:34,DELIVRD,Stock Cash: BUY 200 shares of TATAELXSI  AT 643 TG1 650 TG2 660 SL 630. www.capitalstroke.com 7773002966,81,1,1,"",9594946422,"",IDEA,MAHARASHTRA
0434f325-3476-4e9a-ab8d-ac8eb1fe667e:12,CSFINS,9/11/2019 10:21,9/11/2019 10:21,DELIVRD,Followup: TATAELXSI  Book Partial Profit at CMP(648  ). www.capitalstroke.com 7773002966,98,1,1,"",9594946422,"",IDEA,MAHARASHTRA
adec4476-3b11-40db-b4c2-8a6a7656ca1b:62,CSFINS,10/10/2019 10:14,10/10/2019 10:14,DELIVRD,Stock Cash: BUY 300 shares of INDUSINDBK AT 1310 TG1 1325 TG2 1340 SL 1295. www.capitalstroke.com 7773002966,77,1,1,NULL,9594946422,"",IDEA,MAHARASHTRA
17085a34-ff43-4f29-9ade-bc9a0e1584d3:76,CSFINS,10/10/2019 10:51,10/10/2019 10:51,DELIVRD,Alert: INDUSINDBK SL Triggered (1295) Please Quit. www.capitalstroke.com 7773002966,77,1,1,NULL,9594946422,"",IDEA,MAHARASHTRA
9730877195-12,CSFINS,10/11/2019 10:17,10/11/2019 10:17,DELIVRD,Stock Cash: SELL 500 shares of INDUSINDBK AT 1215 TG1 1200 TG2 1185 SL 1230. www.capitalstroke.com 7773002966,99,1,1,NULL,9594946422,"",IDEA,MAHARASHTRA
a1b76286-c510-448a-982a-6ea15bb9485b:15,CSFINS,10/11/2019 10:31,10/11/2019 10:31,DELIVRD,Followup: INDUSINDBK Target 1 achieved (1200) Book Some Profit. www.capitalstroke.com 7773002966,90,1,1,NULL,9594946422,"",IDEA,MAHARASHTRA
9730881319-12,CSFINS,10/11/2019 10:47,10/11/2019 10:47,DELIVRD,Followup: INDUSINDBK Target 2 achieved (1185) Book Some Profit. www.capitalstroke.com 7773002966,99,1,1,NULL,9594946422,"",IDEA,MAHARASHTRA
0434f325-3476-4e9a-ab8d-ac8eb1fe667e:20,CSFINS,12/10/2019 10:28,12/10/2019 10:28,DELIVRD,Stock Cash: SELL 500 shares of ESCORTS AT 595 TG1 590 TG2 585 SL 602. www.capitalstroke.com 7773002966,81,1,1,NULL,9594946422,"",IDEA,MAHARASHTRA
c0d7f1b2-4917-45ed-9511-1335ac6074d1:20,CSFINs,12/10/2019 10:41,12/10/2019 10:41,DELIVRD,Followup: ESCORTS Target 1 achieved (590) Book Some Profit. www.capitalstroke.com 7773002966,98,1,1,NULL,9594946422,"",IDEA,MAHARASHTRA
