f98958c6-ebaa-4adb-a2ef-4ddaac516fa3:18,CSFINs,1/2/2020 12:14,1/2/2020 12:14,DELIVRD,Stock Cash: BUY 500 shares of CUMMINSIND ABOVE 558 TG1 563 TG2 570 SL 553. www.capitalstroke.com 7773002966,98,1,1,NULL,9284745838,"",RJIO,MAHARASHTRA
0434f325-3476-4e9a-ab8d-ac8eb1fe667e:21,CSFINs,1/2/2020 14:03,1/2/2020 14:03,DELIVRD,Followup: CUMMINSIND Target 1 achieved (563) Book Some Profit. www.capitalstroke.com 7773002966,83,1,1,NULL,9284745838,"",RJIO,MAHARASHTRA
c0d7f1b2-4917-45ed-9511-1335ac6074d1:27,CSFINs,3/2/2020 9:39,3/2/2020 9:39,DELIVRD,Stock Cash: BUY 1000 shares of HCLTECH    ABOVE 696 TG1 702 TG2 708 SL 689. www.capitalstroke.com 7773002966,118,1,1,NULL,9284745838,"",RJIO,MAHARASHTRA
4f346c49-778c-41b2-a7e8-86344467fd15:27,CSFINs,3/2/2020 9:41,3/2/2020 9:41,DELIVRD,Stock Cash CORRECTION: BUY 1000 shares of GRASIM ABOVE 696 TG1 702 TG2 708 SL 689. www.capitalstroke.com 7773002966,117,1,1,NULL,9284745838,"",RJIO,MAHARASHTRA
9730895527-24,CSFINS,3/2/2020 12:11,3/2/2020 12:11,DELIVRD,Stock Cash: BUY 1100 shares of TECHM      ABOVE 750 TG1 757 TG2 764 SL 743. www.capitalstroke.com 7773002966,102,1,1,NULL,9284745838,"",RJIO,MAHARASHTRA
f98958c6-ebaa-4adb-a2ef-4ddaac516fa3:26,CSFINS,7/1/2020 12:20,7/1/2020 12:20,DELIVRD,Stock Cash: BUY 1000 shares of IBULHSGFIN ABOVE 222.50 TG1 225 TG2 228 SL 220.50. www.capitalstroke.com 7773002966,94,1,1,NULL,9284745838,"",RJIO,MAHARASHTRA
0434f325-3476-4e9a-ab8d-ac8eb1fe667e:29,CSFINs,7/1/2020 13:22,7/1/2020 13:22,DELIVRD,Followup: IBULHSGFIN Target 1 achieved (225) Book Some Profit. www.capitalstroke.com 7773002966,81,1,1,NULL,9284745838,"",RJIO,MAHARASHTRA
c78056ef-0fa7-4b86-bdae-39bf7cbbbe2c:34,CSFINs,9/1/2020 9:51,9/1/2020 9:51,DELIVRD,Stock Cash: BUY 2000 shares of ITC        ABOVE 190.10 TG1 192.10 TG2 196.10 SL 187.10. www.capitalstroke.com 7773002966,NULL,6376786875,"","",9284745838,"",RJIO,MAHARASHTRA
9730897691-31,CSFINs,9/1/2020 10:12,9/1/2020 10:12,DELIVRD,Followup: ITC        Target 1 ALMOST achieved (191.50 RECENT HIGH) Book Some Profit. www.capitalstroke.com 7773002966,NULL,6376786875,"","",9284745838,"",RJIO,MAHARASHTRA
