4f346c49-778c-41b2-a7e8-86344467fd15:4,CSFINs,6/7/2019 11:34,6/7/2019 11:34,DELIVRD,Stock Cash: SELL 500 shares of AMARAJABAT AT 622 TG1 617 TG2 611 SL 628 www.capitalstroke.com 7773002966,98,1,1,NULL,9008898607,"",AIRTEL,KARNATAKA
9730895527-1,CSFINs,6/7/2019 13:54,6/7/2019 13:54,DELIVRD,Followup: AMARAJABAT     Target 1 achieved (617) Book Some Profit. www.capitalstroke.com 7773002966,76,1,1,NULL,9008898607,"",AIRTEL,KARNATAKA
cf4e6de9-a990-4968-b107-870b2d80e45c:4,CSFINs,6/7/2019 14:10,6/7/2019 14:10,DELIVRD,Followup: AMARAJABAT     Target 2 achieved (611) Book Full Profit. www.capitalstroke.com 7773002966,76,1,1,NULL,9008898607,"",AIRTEL,KARNATAKA
cf4e6de9-a990-4968-b107-870b2d80e45c:6,CSFINs,7/8/2019 11:00,7/8/2019 11:00,DELIVRD,Stock Cash: SELL 500 shares of MCDOWELL-N AT 575 TG1 570 TG2 565 SL 582 www.capitalstroke.com 7773002966,94,1,1,NULL,9008898607,"",AIRTEL,KARNATAKA
9730895815-3,CSFINs,7/8/2019 11:40,7/8/2019 11:40,DELIVRD,Alert: MCDOWELL-N  SL Triggered (582) Please Quit. www.capitalstroke.com 7773002966,90,1,1,NULL,9008898607,"",AIRTEL,KARNATAKA
c78056ef-0fa7-4b86-bdae-39bf7cbbbe2c:6,CSFINs,7/10/2019 12:12,7/10/2019 12:12,DELIVRD,Stock Cash: SELL 300 shares of DIVISLAB AT 1615 TG1 1600 TG2 1585 SL 1630 www.capitalstroke.com 7773002966,70,1,1,NULL,9008898607,"",AIRTEL,KARNATAKA
9730881319-5,CSFINs,8/6/2019 9:46,8/6/2019 9:46,DELIVRD,Stock Cash: SELL 300 shares of INDIGO BELOW 1450 TG1 1435 TG2 1420 SL 1465 www.capitalstroke.com 7773002966,85,1,1,NULL,9008898607,"",AIRTEL,KARNATAKA
f98958c6-ebaa-4adb-a2ef-4ddaac516fa3:5,CSFINs,8/6/2019 9:50,8/6/2019 9:50,DELIVRD,Followup: INDIGO     Target 1 achieved (1435) Book Some Profit. www.capitalstroke.com 7773002966,79,1,1,NULL,9008898607,"",AIRTEL,KARNATAKA
0434f325-3476-4e9a-ab8d-ac8eb1fe667e:8,CSFINs,8/6/2019 9:55,8/6/2019 9:55,DELIVRD,Followup: INDIGO     Target 2 achieved (1420) Book Full Profit. www.capitalstroke.com 7773002966,71,1,1,NULL,9008898607,"",AIRTEL,KARNATAKA
c0d7f1b2-4917-45ed-9511-1335ac6074d1:8,CSFINs,8/8/2019 10:57,8/8/2019 10:57,DELIVRD,Stock Cash: SELL 300 shares of LT BELOW 1353 TG1 1343 TG2 1330 SL 1365 www.capitalstroke.com 7773002966,88,1,1,NULL,9008898607,"",AIRTEL,KARNATAKA
4f346c49-778c-41b2-a7e8-86344467fd15:8,CSFINs,8/8/2019 12:00,8/8/2019 12:00,DELIVRD,Followup: LT     Target 1 achieved (1343) Book Some Profit. www.capitalstroke.com 7773002966,80,1,1,NULL,9008898607,"",AIRTEL,KARNATAKA
9730895527-5,CSFINs,8/9/2019 10:58,8/9/2019 10:58,DELIVRD,Stock Cash: BUY 300 shares of BALKRISIND AT 770 TG1 777 TG2 785 SL 760 www.capitalstroke.com 7773002966,77,1,1,NULL,9008898607,"",AIRTEL,KARNATAKA
cf4e6de9-a990-4968-b107-870b2d80e45c:8,CSFINs,8/9/2019 11:14,8/9/2019 11:14,DELIVRD,Followup: BALKRISIND     Target 1 achieved (777) Book Some Profit. www.capitalstroke.com 7773002966,202,2,2,NULL,9008898607,"",AIRTEL,KARNATAKA
9730895815-5,CSFINs,8/9/2019 11:45,8/9/2019 11:45,DELIVRD,Followup: BALKRISIND     Target 2 achieved (785) Book Full Profit. www.capitalstroke.com 7773002966,98,1,1,"",9008898607,"",AIRTEL,KARNATAKA
adec4476-3b11-40db-b4c2-8a6a7656ca1b:59,CSFINS,9/6/2019 10:05,9/6/2019 10:05,DELIVRD,Stock Cash: SELL 300 shares of ASIANPAINT AT 1525 TG1 1510 TG2 1495 SL 1535. www.capitalstroke.com 7773002966,99,1,1,"",9008898607,"",AIRTEL,KARNATAKA
17085a34-ff43-4f29-9ade-bc9a0e1584d3:73,CSFINS,9/6/2019 12:19,9/6/2019 12:19,DELIVRD,Alert: ASIANPAINT        SL Triggered (1535) Please Quit. www.capitalstroke.com 7773002966,100,1,1,"",9008898607,"",AIRTEL,KARNATAKA
9730877195-9,CSFINS,9/9/2019 10:46,9/9/2019 10:46,DELIVRD,Stock Cash: BUY 500 shares of TVSMOTOR   AT 380 TG1 384 TG2 388 SL 376. www.capitalstroke.com 7773002966,107,1,1,"",9008898607,"",AIRTEL,KARNATAKA
a1b76286-c510-448a-982a-6ea15bb9485b:12,CSFINS,9/9/2019 14:44,9/9/2019 14:44,DELIVRD,Followup: TVSMOTOR   Target 1 achieved (384) Book Some Profit. www.capitalstroke.com 7773002966,98,1,1,"",9008898607,"",AIRTEL,KARNATAKA
9730881319-9,CSFINS,9/9/2019 15:19,9/9/2019 15:19,DELIVRD,Followup: TVSMOTOR   Target 2 achieved (388) Book Full Profit. www.capitalstroke.com 7773002966,81,1,1,"",9008898607,"",AIRTEL,KARNATAKA
9730895527-11,CSFINS,10/7/2019 10:19,10/7/2019 10:19,DELIVRD,Stock Cash: BUY 500 shares of AXISBANK ABOVE 665 TG1 671 TG2 677 SL 655. www.capitalstroke.com 7773002966,98,1,1,NULL,9008898607,"",AIRTEL,KARNATAKA
cf4e6de9-a990-4968-b107-870b2d80e45c:14,CSFINS,10/7/2019 10:47,10/7/2019 10:47,DELIVRD,Followup: AXISBANK Target 1 achieved (671) Book Some Profit. www.capitalstroke.com 7773002966,79,1,1,NULL,9008898607,"",AIRTEL,KARNATAKA
9730895815-11,CSFINS,10/7/2019 11:37,10/7/2019 11:37,DELIVRD,Followup: AXISBANK Target 2 achieved (677) Book Some Profit. www.capitalstroke.com 7773002966,121,1,1,NULL,9008898607,"",AIRTEL,KARNATAKA
c78056ef-0fa7-4b86-bdae-39bf7cbbbe2c:14,CSFINS,10/9/2019 10:01,10/9/2019 10:01,DELIVRD,Stock Cash: SELL 500 shares of PEL AT 1340 TG1 1325 TG2 1310 SL 1355. www.capitalstroke.com 7773002966,72,1,1,NULL,9008898607,"",AIRTEL,KARNATAKA
9730897691-11,CSFINS,10/9/2019 10:31,10/9/2019 10:31,DELIVRD,Alert: PEL SL Triggered (1355) Please Quit. www.capitalstroke.com 7773002966,96,1,1,NULL,9008898607,"",AIRTEL,KARNATAKA
adec4476-3b11-40db-b4c2-8a6a7656ca1b:62,CSFINS,10/10/2019 10:14,10/10/2019 10:14,DELIVRD,Stock Cash: BUY 300 shares of INDUSINDBK AT 1310 TG1 1325 TG2 1340 SL 1295. www.capitalstroke.com 7773002966,77,1,1,NULL,9008898607,"",AIRTEL,KARNATAKA
17085a34-ff43-4f29-9ade-bc9a0e1584d3:76,CSFINS,10/10/2019 10:51,10/10/2019 10:51,DELIVRD,Alert: INDUSINDBK SL Triggered (1295) Please Quit. www.capitalstroke.com 7773002966,77,1,1,NULL,9008898607,"",AIRTEL,KARNATAKA
a1b76286-c510-448a-982a-6ea15bb9485b:17,CSFINS,11/6/2019 9:50,11/6/2019 9:50,DELIVRD,Stock Cash: SELL 500 shares of TATAELXSI AT 815 TG1 808 TG2 800 SL 824 www.capitalstroke.com 7773002966,98,1,1,NULL,9008898607,"",AIRTEL,KARNATAKA
9730881319-14,CSFINS,11/6/2019 9:58,11/6/2019 9:58,DELIVRD,Followup: TATAELXSI Target 1 achieved (808) Book Some Profit. www.capitalstroke.com 7773002966,81,1,1,NULL,9008898607,"",AIRTEL,KARNATAKA
f98958c6-ebaa-4adb-a2ef-4ddaac516fa3:14,CSFINS,11/7/2019 10:34,11/7/2019 10:34,DELIVRD,Stock Cash: BUY 500 shares of INFY AT 714 TG1 720 TG2 727 SL 708 www.capitalstroke.com 7773002966,115,1,1,NULL,9008898607,"",AIRTEL,KARNATAKA
0434f325-3476-4e9a-ab8d-ac8eb1fe667e:17,CSFINS,11/7/2019 10:51,11/7/2019 10:51,DELIVRD,Followup: INFY Target 1 achieved (720) Book Some Profit. www.capitalstroke.com 7773002966,94,1,1,NULL,9008898607,"",AIRTEL,KARNATAKA
c0d7f1b2-4917-45ed-9511-1335ac6074d1:17,CSFINS,11/8/2019 9:44,11/8/2019 9:44,DELIVRD,Stock Cash: BUY 300 shares of JUBLFOOD AT 1630 TG1 1645 TG2 1660 SL 1615. www.capitalstroke.com 7773002966,94,1,1,NULL,9008898607,"",AIRTEL,KARNATAKA
4f346c49-778c-41b2-a7e8-86344467fd15:17,CSFINS,11/8/2019 9:56,11/8/2019 9:56,DELIVRD,Alert: JUBLFOOD SL Triggered (1615) Please Quit. www.capitalstroke.com 7773002966,118,1,1,NULL,9008898607,"",AIRTEL,KARNATAKA
adec4476-3b11-40db-b4c2-8a6a7656ca1b:67,CSFINS,12/6/2019 9:56,12/6/2019 9:56,DELIVRD,Stock Cash: SELL 500 shares of ESCORTS AT 613 TG1 607 TG2 600 SL 620. www.capitalstroke.com 7773002966,79,1,1,NULL,9008898607,"",AIRTEL,KARNATAKA
17085a34-ff43-4f29-9ade-bc9a0e1584d3:81,CSFINs,12/6/2019 10:06,12/6/2019 10:06,DELIVRD,Followup: ESCORTS Target 1 achieved (607) Book Some Profit. www.capitalstroke.com 7773002966,111,1,1,NULL,9008898607,"",AIRTEL,KARNATAKA
9730877195-17,CSFINs,12/6/2019 10:18,12/6/2019 10:18,DELIVRD,Followup: ESCORTS Target 2 achieved (600) Book Some Profit. www.capitalstroke.com 7773002966,98,1,1,NULL,9008898607,"",AIRTEL,KARNATAKA
a1b76286-c510-448a-982a-6ea15bb9485b:20,CSFINS,12/9/2019 9:36,12/9/2019 9:36,DELIVRD,Stock Cash: BUY 500 shares of AXISBANK AT 715 TG1 722 TG2 730 SL 705. www.capitalstroke.com 7773002966,73,1,1,NULL,9008898607,"",AIRTEL,KARNATAKA
9730881319-17,CSFINs,12/9/2019 9:48,12/9/2019 9:48,DELIVRD,Followup: AXISBANK Target 1 achieved (722) Book Some Profit. www.capitalstroke.com 7773002966,81,1,1,NULL,9008898607,"",AIRTEL,KARNATAKA
f98958c6-ebaa-4adb-a2ef-4ddaac516fa3:17,CSFINs,12/9/2019 9:53,12/9/2019 9:53,DELIVRD,Followup: AXISBANK Target 2 achieved (730) Book Some Profit. www.capitalstroke.com 7773002966,114,1,1,NULL,9008898607,"",AIRTEL,KARNATAKA
0434f325-3476-4e9a-ab8d-ac8eb1fe667e:20,CSFINS,12/10/2019 10:28,12/10/2019 10:28,DELIVRD,Stock Cash: SELL 500 shares of ESCORTS AT 595 TG1 590 TG2 585 SL 602. www.capitalstroke.com 7773002966,81,1,1,NULL,9008898607,"",AIRTEL,KARNATAKA
c0d7f1b2-4917-45ed-9511-1335ac6074d1:20,CSFINs,12/10/2019 10:41,12/10/2019 10:41,DELIVRD,Followup: ESCORTS Target 1 achieved (590) Book Some Profit. www.capitalstroke.com 7773002966,98,1,1,NULL,9008898607,"",AIRTEL,KARNATAKA
