cf4e6de9-a990-4968-b107-870b2d80e45c:6,CSFINs,7/8/2019 11:00,7/8/2019 11:00,DELIVRD,Stock Cash: SELL 500 shares of MCDOWELL-N AT 575 TG1 570 TG2 565 SL 582 www.capitalstroke.com 7773002966,94,1,1,NULL,9745304265,"",VODAFONE,KERALA
9730895815-3,CSFINs,7/8/2019 11:40,7/8/2019 11:40,DELIVRD,Alert: MCDOWELL-N  SL Triggered (582) Please Quit. www.capitalstroke.com 7773002966,90,1,1,NULL,9745304265,"",VODAFONE,KERALA
c0d7f1b2-4917-45ed-9511-1335ac6074d1:8,CSFINs,8/8/2019 10:57,8/8/2019 10:57,DELIVRD,Stock Cash: SELL 300 shares of LT BELOW 1353 TG1 1343 TG2 1330 SL 1365 www.capitalstroke.com 7773002966,88,1,1,NULL,9745304265,"",VODAFONE,KERALA
4f346c49-778c-41b2-a7e8-86344467fd15:8,CSFINs,8/8/2019 12:00,8/8/2019 12:00,DELIVRD,Followup: LT     Target 1 achieved (1343) Book Some Profit. www.capitalstroke.com 7773002966,80,1,1,NULL,9745304265,"",VODAFONE,KERALA
9730895527-5,CSFINs,8/9/2019 10:58,8/9/2019 10:58,DELIVRD,Stock Cash: BUY 300 shares of BALKRISIND AT 770 TG1 777 TG2 785 SL 760 www.capitalstroke.com 7773002966,77,1,1,NULL,9745304265,"",VODAFONE,KERALA
cf4e6de9-a990-4968-b107-870b2d80e45c:8,CSFINs,8/9/2019 11:14,8/9/2019 11:14,DELIVRD,Followup: BALKRISIND     Target 1 achieved (777) Book Some Profit. www.capitalstroke.com 7773002966,202,2,2,NULL,9745304265,"",VODAFONE,KERALA
9730895815-5,CSFINs,8/9/2019 11:45,8/9/2019 11:45,DELIVRD,Followup: BALKRISIND     Target 2 achieved (785) Book Full Profit. www.capitalstroke.com 7773002966,98,1,1,"",9745304265,"",VODAFONE,KERALA
9730877195-9,CSFINS,9/9/2019 10:46,9/9/2019 10:46,DELIVRD,Stock Cash: BUY 500 shares of TVSMOTOR   AT 380 TG1 384 TG2 388 SL 376. www.capitalstroke.com 7773002966,107,1,1,"",9745304265,"",VODAFONE,KERALA
a1b76286-c510-448a-982a-6ea15bb9485b:12,CSFINS,9/9/2019 14:44,9/9/2019 14:44,DELIVRD,Followup: TVSMOTOR   Target 1 achieved (384) Book Some Profit. www.capitalstroke.com 7773002966,98,1,1,"",9745304265,"",VODAFONE,KERALA
9730881319-9,CSFINS,9/9/2019 15:19,9/9/2019 15:19,DELIVRD,Followup: TVSMOTOR   Target 2 achieved (388) Book Full Profit. www.capitalstroke.com 7773002966,81,1,1,"",9745304265,"",VODAFONE,KERALA
c78056ef-0fa7-4b86-bdae-39bf7cbbbe2c:14,CSFINS,10/9/2019 10:01,10/9/2019 10:01,DELIVRD,Stock Cash: SELL 500 shares of PEL AT 1340 TG1 1325 TG2 1310 SL 1355. www.capitalstroke.com 7773002966,72,1,1,NULL,9745304265,"",VODAFONE,KERALA
9730897691-11,CSFINS,10/9/2019 10:31,10/9/2019 10:31,DELIVRD,Alert: PEL SL Triggered (1355) Please Quit. www.capitalstroke.com 7773002966,96,1,1,NULL,9745304265,"",VODAFONE,KERALA
c0d7f1b2-4917-45ed-9511-1335ac6074d1:17,CSFINS,11/8/2019 9:44,11/8/2019 9:44,DELIVRD,Stock Cash: BUY 300 shares of JUBLFOOD AT 1630 TG1 1645 TG2 1660 SL 1615. www.capitalstroke.com 7773002966,94,1,1,NULL,9745304265,"",VODAFONE,KERALA
4f346c49-778c-41b2-a7e8-86344467fd15:17,CSFINS,11/8/2019 9:56,11/8/2019 9:56,DELIVRD,Alert: JUBLFOOD SL Triggered (1615) Please Quit. www.capitalstroke.com 7773002966,118,1,1,NULL,9745304265,"",VODAFONE,KERALA
