c78056ef-0fa7-4b86-bdae-39bf7cbbbe2c:6,CSFINs,7/10/2019 12:12,7/10/2019 12:12,DELIVRD,Stock Cash: SELL 300 shares of DIVISLAB AT 1615 TG1 1600 TG2 1585 SL 1630 www.capitalstroke.com 7773002966,70,1,1,NULL,9656432267,"",IDEA,KERALA
adec4476-3b11-40db-b4c2-8a6a7656ca1b:62,CSFINS,10/10/2019 10:14,10/10/2019 10:14,DELIVRD,Stock Cash: BUY 300 shares of INDUSINDBK AT 1310 TG1 1325 TG2 1340 SL 1295. www.capitalstroke.com 7773002966,77,1,1,NULL,9656432267,"",IDEA,KERALA
17085a34-ff43-4f29-9ade-bc9a0e1584d3:76,CSFINS,10/10/2019 10:51,10/10/2019 10:51,DELIVRD,Alert: INDUSINDBK SL Triggered (1295) Please Quit. www.capitalstroke.com 7773002966,77,1,1,NULL,9656432267,"",IDEA,KERALA
0434f325-3476-4e9a-ab8d-ac8eb1fe667e:20,CSFINS,12/10/2019 10:28,12/10/2019 10:28,DELIVRD,Stock Cash: SELL 500 shares of ESCORTS AT 595 TG1 590 TG2 585 SL 602. www.capitalstroke.com 7773002966,81,1,1,NULL,9656432267,"",IDEA,KERALA
c0d7f1b2-4917-45ed-9511-1335ac6074d1:20,CSFINs,12/10/2019 10:41,12/10/2019 10:41,DELIVRD,Followup: ESCORTS Target 1 achieved (590) Book Some Profit. www.capitalstroke.com 7773002966,98,1,1,NULL,9656432267,"",IDEA,KERALA
