9730877195-21,CSFINs,2/3/2020 10:33,2/3/2020 10:33,DELIVRD,Stock Cash: BUY 500 shares of INDUSINDBK AT 1353 TG1 1360 TG2 1370 SL 1340. www.capitalstroke.com 7773002966,92,1,1,NULL,9652395452,"",AIRTEL,ANDHRA PRADESH
a1b76286-c510-448a-982a-6ea15bb9485b:24,CSFINs,2/3/2020 10:34,2/3/2020 10:34,DELIVRD,Stock Cash: BUY 500 shares of INDUSINDBK AT 1253 TG1 1260 TG2 1270 SL 1240. www.capitalstroke.com 7773002966,98,1,1,NULL,9652395452,"",AIRTEL,ANDHRA PRADESH
cf4e6de9-a990-4968-b107-870b2d80e45c:27,CSFINs,3/3/2020 11:43,3/3/2020 11:43,DELIVRD,Stock Cash: SELL 1101 shares of CEATLTD    AT 992 TG1 983 TG2 974 SL 1000. www.capitalstroke.com 7773002966,88,1,1,NULL,9652395452,"",AIRTEL,ANDHRA PRADESH
9730895815-24,CSFINs,3/3/2020 15:27,3/3/2020 15:27,DELIVRD,Alert: CEATLTD    SL Triggered (1000) Please Quit. www.capitalstroke.com 7773002966,108,1,1,NULL,9652395452,"",AIRTEL,ANDHRA PRADESH
0434f325-3476-4e9a-ab8d-ac8eb1fe667e:35,CSFINS,9/3/2020 11:11,9/3/2020 11:11,DELIVRD,Stock Cash: BUY 300 shares of MUTHOOTFIN ABOVE 1135.05 TG1 1149.05 TG2 1171.05 SL 1117.05. www.capitalstroke.com 7773002966,NULL,6376786875,"","",9652395452,"",AIRTEL,ANDHRA PRADESH
c0d7f1b2-4917-45ed-9511-1335ac6074d1:35,CSFINs,9/3/2020 14:06,9/3/2020 14:06,DELIVRD,Stock Cash: SELL 1500 shares of JSWSTEEL   BELOW 295 TG1 292 TG2 287 SL 299.05. www.capitalstroke.com 7773002966,"","","","",9652395452,"",AIRTEL,ANDHRA PRADESH
4f346c49-778c-41b2-a7e8-86344467fd15:35,CSFINs,9/3/2020 14:35,9/3/2020 14:35,DELIVRD,Followup: JSWSTEEL   Book Partial Profit at CMP (293 ). www.capitalstroke.com 7773002966,"","","","",9652395452,"",AIRTEL,ANDHRA PRADESH
9730895527-32,CSFINs,9/3/2020 15:01,9/3/2020 15:01,DELIVRD,Alert: MUTHOOTFIN Exit at Cost CMP(1135 ). www.capitalstroke.com 7773002966,NULL,6376786875,"","",9652395452,"",AIRTEL,ANDHRA PRADESH
