c78056ef-0fa7-4b86-bdae-39bf7cbbbe2c:6,CSFINs,7/10/2019 12:12,7/10/2019 12:12,DELIVRD,Stock Cash: SELL 300 shares of DIVISLAB AT 1615 TG1 1600 TG2 1585 SL 1630 www.capitalstroke.com 7773002966,70,1,1,NULL,8924064544,"",Other,UP EAST
9730897691-3,CSFINs,7/11/2019 13:43,7/11/2019 13:43,DELIVRD,Stock Cash: BUY 300 shares of INDUSINDBK AT 1550 TG1 1565 TG2 1580 SL 1535. www.capitalstroke.com 7773002966,70,1,1,NULL,8924064544,"",Other,UP EAST
9730877195-9,CSFINS,9/9/2019 10:46,9/9/2019 10:46,DELIVRD,Stock Cash: BUY 500 shares of TVSMOTOR   AT 380 TG1 384 TG2 388 SL 376. www.capitalstroke.com 7773002966,107,1,1,"",8924064544,"",Other,UP EAST
a1b76286-c510-448a-982a-6ea15bb9485b:12,CSFINS,9/9/2019 14:44,9/9/2019 14:44,DELIVRD,Followup: TVSMOTOR   Target 1 achieved (384) Book Some Profit. www.capitalstroke.com 7773002966,98,1,1,"",8924064544,"",Other,UP EAST
9730881319-9,CSFINS,9/9/2019 15:19,9/9/2019 15:19,DELIVRD,Followup: TVSMOTOR   Target 2 achieved (388) Book Full Profit. www.capitalstroke.com 7773002966,81,1,1,"",8924064544,"",Other,UP EAST
f98958c6-ebaa-4adb-a2ef-4ddaac516fa3:9,CSFINS,9/11/2019 9:34,9/11/2019 9:34,DELIVRD,Stock Cash: BUY 200 shares of TATAELXSI  AT 643 TG1 650 TG2 660 SL 630. www.capitalstroke.com 7773002966,81,1,1,"",8924064544,"",Other,UP EAST
0434f325-3476-4e9a-ab8d-ac8eb1fe667e:12,CSFINS,9/11/2019 10:21,9/11/2019 10:21,DELIVRD,Followup: TATAELXSI  Book Partial Profit at CMP(648  ). www.capitalstroke.com 7773002966,98,1,1,"",8924064544,"",Other,UP EAST
c78056ef-0fa7-4b86-bdae-39bf7cbbbe2c:14,CSFINS,10/9/2019 10:01,10/9/2019 10:01,DELIVRD,Stock Cash: SELL 500 shares of PEL AT 1340 TG1 1325 TG2 1310 SL 1355. www.capitalstroke.com 7773002966,72,1,1,NULL,8924064544,"",Other,UP EAST
9730897691-11,CSFINS,10/9/2019 10:31,10/9/2019 10:31,DELIVRD,Alert: PEL SL Triggered (1355) Please Quit. www.capitalstroke.com 7773002966,96,1,1,NULL,8924064544,"",Other,UP EAST
adec4476-3b11-40db-b4c2-8a6a7656ca1b:62,CSFINS,10/10/2019 10:14,10/10/2019 10:14,DELIVRD,Stock Cash: BUY 300 shares of INDUSINDBK AT 1310 TG1 1325 TG2 1340 SL 1295. www.capitalstroke.com 7773002966,77,1,1,NULL,8924064544,"",Other,UP EAST
17085a34-ff43-4f29-9ade-bc9a0e1584d3:76,CSFINS,10/10/2019 10:51,10/10/2019 10:51,DELIVRD,Alert: INDUSINDBK SL Triggered (1295) Please Quit. www.capitalstroke.com 7773002966,77,1,1,NULL,8924064544,"",Other,UP EAST
9730877195-12,CSFINS,10/11/2019 10:17,10/11/2019 10:17,DELIVRD,Stock Cash: SELL 500 shares of INDUSINDBK AT 1215 TG1 1200 TG2 1185 SL 1230. www.capitalstroke.com 7773002966,99,1,1,NULL,8924064544,"",Other,UP EAST
a1b76286-c510-448a-982a-6ea15bb9485b:15,CSFINS,10/11/2019 10:31,10/11/2019 10:31,DELIVRD,Followup: INDUSINDBK Target 1 achieved (1200) Book Some Profit. www.capitalstroke.com 7773002966,90,1,1,NULL,8924064544,"",Other,UP EAST
9730881319-12,CSFINS,10/11/2019 10:47,10/11/2019 10:47,DELIVRD,Followup: INDUSINDBK Target 2 achieved (1185) Book Some Profit. www.capitalstroke.com 7773002966,99,1,1,NULL,8924064544,"",Other,UP EAST
a1b76286-c510-448a-982a-6ea15bb9485b:20,CSFINS,12/9/2019 9:36,12/9/2019 9:36,DELIVRD,Stock Cash: BUY 500 shares of AXISBANK AT 715 TG1 722 TG2 730 SL 705. www.capitalstroke.com 7773002966,73,1,1,NULL,8924064544,"",Other,UP EAST
9730881319-17,CSFINs,12/9/2019 9:48,12/9/2019 9:48,DELIVRD,Followup: AXISBANK Target 1 achieved (722) Book Some Profit. www.capitalstroke.com 7773002966,81,1,1,NULL,8924064544,"",Other,UP EAST
f98958c6-ebaa-4adb-a2ef-4ddaac516fa3:17,CSFINs,12/9/2019 9:53,12/9/2019 9:53,DELIVRD,Followup: AXISBANK Target 2 achieved (730) Book Some Profit. www.capitalstroke.com 7773002966,114,1,1,NULL,8924064544,"",Other,UP EAST
0434f325-3476-4e9a-ab8d-ac8eb1fe667e:20,CSFINS,12/10/2019 10:28,12/10/2019 10:28,DELIVRD,Stock Cash: SELL 500 shares of ESCORTS AT 595 TG1 590 TG2 585 SL 602. www.capitalstroke.com 7773002966,81,1,1,NULL,8924064544,"",Other,UP EAST
c0d7f1b2-4917-45ed-9511-1335ac6074d1:20,CSFINs,12/10/2019 10:41,12/10/2019 10:41,DELIVRD,Followup: ESCORTS Target 1 achieved (590) Book Some Profit. www.capitalstroke.com 7773002966,98,1,1,NULL,8924064544,"",Other,UP EAST
