f98958c6-ebaa-4adb-a2ef-4ddaac516fa3:9,CSFINS,9/11/2019 9:34,9/11/2019 9:34,DELIVRD,Stock Cash: BUY 200 shares of TATAELXSI  AT 643 TG1 650 TG2 660 SL 630. www.capitalstroke.com 7773002966,81,1,1,"",8999636233,"",RJIO,MAHARASHTRA
0434f325-3476-4e9a-ab8d-ac8eb1fe667e:12,CSFINS,9/11/2019 10:21,9/11/2019 10:21,DELIVRD,Followup: TATAELXSI  Book Partial Profit at CMP(648  ). www.capitalstroke.com 7773002966,98,1,1,"",8999636233,"",RJIO,MAHARASHTRA
9730877195-12,CSFINS,10/11/2019 10:17,10/11/2019 10:17,DELIVRD,Stock Cash: SELL 500 shares of INDUSINDBK AT 1215 TG1 1200 TG2 1185 SL 1230. www.capitalstroke.com 7773002966,99,1,1,NULL,8999636233,"",RJIO,MAHARASHTRA
a1b76286-c510-448a-982a-6ea15bb9485b:15,CSFINS,10/11/2019 10:31,10/11/2019 10:31,DELIVRD,Followup: INDUSINDBK Target 1 achieved (1200) Book Some Profit. www.capitalstroke.com 7773002966,90,1,1,NULL,8999636233,"",RJIO,MAHARASHTRA
9730881319-12,CSFINS,10/11/2019 10:47,10/11/2019 10:47,DELIVRD,Followup: INDUSINDBK Target 2 achieved (1185) Book Some Profit. www.capitalstroke.com 7773002966,99,1,1,NULL,8999636233,"",RJIO,MAHARASHTRA
