f98958c6-ebaa-4adb-a2ef-4ddaac516fa3:18,CSFINs,1/2/2020 12:14,1/2/2020 12:14,DELIVRD,Stock Cash: BUY 500 shares of CUMMINSIND ABOVE 558 TG1 563 TG2 570 SL 553. www.capitalstroke.com 7773002966,98,1,1,NULL,8247500232,"",RJIO,ANDHRA PRADESH
0434f325-3476-4e9a-ab8d-ac8eb1fe667e:21,CSFINs,1/2/2020 14:03,1/2/2020 14:03,DELIVRD,Followup: CUMMINSIND Target 1 achieved (563) Book Some Profit. www.capitalstroke.com 7773002966,83,1,1,NULL,8247500232,"",RJIO,ANDHRA PRADESH
9730877195-21,CSFINs,2/3/2020 10:33,2/3/2020 10:33,DELIVRD,Stock Cash: BUY 500 shares of INDUSINDBK AT 1353 TG1 1360 TG2 1370 SL 1340. www.capitalstroke.com 7773002966,92,1,1,NULL,8247500232,"",RJIO,ANDHRA PRADESH
a1b76286-c510-448a-982a-6ea15bb9485b:24,CSFINs,2/3/2020 10:34,2/3/2020 10:34,DELIVRD,Stock Cash: BUY 500 shares of INDUSINDBK AT 1253 TG1 1260 TG2 1270 SL 1240. www.capitalstroke.com 7773002966,98,1,1,NULL,8247500232,"",RJIO,ANDHRA PRADESH
c0d7f1b2-4917-45ed-9511-1335ac6074d1:27,CSFINs,3/2/2020 9:39,3/2/2020 9:39,DELIVRD,Stock Cash: BUY 1000 shares of HCLTECH    ABOVE 696 TG1 702 TG2 708 SL 689. www.capitalstroke.com 7773002966,118,1,1,NULL,8247500232,"",RJIO,ANDHRA PRADESH
4f346c49-778c-41b2-a7e8-86344467fd15:27,CSFINs,3/2/2020 9:41,3/2/2020 9:41,DELIVRD,Stock Cash CORRECTION: BUY 1000 shares of GRASIM ABOVE 696 TG1 702 TG2 708 SL 689. www.capitalstroke.com 7773002966,117,1,1,NULL,8247500232,"",RJIO,ANDHRA PRADESH
9730895527-24,CSFINS,3/2/2020 12:11,3/2/2020 12:11,DELIVRD,Stock Cash: BUY 1100 shares of TECHM      ABOVE 750 TG1 757 TG2 764 SL 743. www.capitalstroke.com 7773002966,102,1,1,NULL,8247500232,"",RJIO,ANDHRA PRADESH
cf4e6de9-a990-4968-b107-870b2d80e45c:27,CSFINs,3/3/2020 11:43,3/3/2020 11:43,DELIVRD,Stock Cash: SELL 1101 shares of CEATLTD    AT 992 TG1 983 TG2 974 SL 1000. www.capitalstroke.com 7773002966,88,1,1,NULL,8247500232,"",RJIO,ANDHRA PRADESH
9730895815-24,CSFINs,3/3/2020 15:27,3/3/2020 15:27,DELIVRD,Alert: CEATLTD    SL Triggered (1000) Please Quit. www.capitalstroke.com 7773002966,108,1,1,NULL,8247500232,"",RJIO,ANDHRA PRADESH
adec4476-3b11-40db-b4c2-8a6a7656ca1b:82,CSFINs,9/2/2020 11:00,9/2/2020 11:00,DELIVRD,Stock Cash: BUY 400 shares of BALKRISIND ABOVE 1297.10 TG1 1307.10 TG2 1327.10 SL 1282.10. www.capitalstroke.com 7773002966,NULL,6376786875,"","",8247500232,"",RJIO,ANDHRA PRADESH
17085a34-ff43-4f29-9ade-bc9a0e1584d3:96,CSFINs,9/2/2020 13:24,9/2/2020 13:24,DELIVRD,Followup: BALKRISIND Book Partial Profit at CMP(1303 ). www.capitalstroke.com 7773002966,NULL,6376786875,"","",8247500232,"",RJIO,ANDHRA PRADESH
9730877195-32,CSFINS,9/2/2020 14:10,9/2/2020 14:10,DELIVRD,Followup: BALKRISIND Target 1 achieved (1307.10) Book More Profit. www.capitalstroke.com 7773002966,NULL,6376786875,"","",8247500232,"",RJIO,ANDHRA PRADESH
a1b76286-c510-448a-982a-6ea15bb9485b:35,CSFINs,9/2/2020 14:54,9/2/2020 14:54,DELIVRD,Followup: BALKRISIND Recent High Again Now (1320.50) Book More Profit. www.capitalstroke.com 7773002966,NULL,6376786875,"","",8247500232,"",RJIO,ANDHRA PRADESH
9730881319-32,CSFINs,9/2/2020 15:29,9/2/2020 15:29,DELIVRD,Followup: BALKRISIND Target 2 ALMOST achieved (1325.10) Made A High Just Now. www.capitalstroke.com 7773002966,NULL,6376786875,"","",8247500232,"",RJIO,ANDHRA PRADESH
f98958c6-ebaa-4adb-a2ef-4ddaac516fa3:32,CSFINs,9/2/2020 15:33,9/2/2020 15:33,DELIVRD,Followup: BALKRISIND Target 2 achieved (1327) Book Full Profit. www.capitalstroke.com 7773002966,NULL,6376786875,"","",8247500232,"",RJIO,ANDHRA PRADESH
9730895815-1,CSFINs,6/12/2019 9:46,6/12/2019 9:46,DELIVRD,Stock Cash: BUY 500 shares of APOLLOHOSP ABOVE 1385 TG1 1400 TG2 1415 SL 1370. www.capitalstroke.com 7773002966,67,1,1,NULL,8247500232,"",RJIO,ANDHRA PRADESH
c78056ef-0fa7-4b86-bdae-39bf7cbbbe2c:4,CSFINs,6/12/2019 9:51,6/12/2019 9:51,DELIVRD,Followup: APOLLOHOSP     Target 1 achieved (1400) Book Some Profit. www.capitalstroke.com 7773002966,70,1,1,NULL,8247500232,"",RJIO,ANDHRA PRADESH
c0d7f1b2-4917-45ed-9511-1335ac6074d1:12,CSFINS,9/12/2019 9:20,9/12/2019 9:20,DELIVRD,Stock Cash: BUY 200 shares of TATAELXSI  AT 650 TG1 657 TG2 665 SL 640. www.capitalstroke.com 7773002966,89,1,1,"",8247500232,"",RJIO,ANDHRA PRADESH
4f346c49-778c-41b2-a7e8-86344467fd15:12,CSFINS,9/12/2019 9:27,9/12/2019 9:27,DELIVRD,Followup: TATAELXSI  Book Partial Profit at CMP(656 ). www.capitalstroke.com 7773002966,99,1,1,"",8247500232,"",RJIO,ANDHRA PRADESH
f98958c6-ebaa-4adb-a2ef-4ddaac516fa3:26,CSFINS,7/1/2020 12:20,7/1/2020 12:20,DELIVRD,Stock Cash: BUY 1000 shares of IBULHSGFIN ABOVE 222.50 TG1 225 TG2 228 SL 220.50. www.capitalstroke.com 7773002966,94,1,1,NULL,8247500232,"",RJIO,ANDHRA PRADESH
0434f325-3476-4e9a-ab8d-ac8eb1fe667e:29,CSFINs,7/1/2020 13:22,7/1/2020 13:22,DELIVRD,Followup: IBULHSGFIN Target 1 achieved (225) Book Some Profit. www.capitalstroke.com 7773002966,81,1,1,NULL,8247500232,"",RJIO,ANDHRA PRADESH
c78056ef-0fa7-4b86-bdae-39bf7cbbbe2c:34,CSFINs,9/1/2020 9:51,9/1/2020 9:51,DELIVRD,Stock Cash: BUY 2000 shares of ITC        ABOVE 190.10 TG1 192.10 TG2 196.10 SL 187.10. www.capitalstroke.com 7773002966,NULL,6376786875,"","",8247500232,"",RJIO,ANDHRA PRADESH
9730897691-31,CSFINs,9/1/2020 10:12,9/1/2020 10:12,DELIVRD,Followup: ITC        Target 1 ALMOST achieved (191.50 RECENT HIGH) Book Some Profit. www.capitalstroke.com 7773002966,NULL,6376786875,"","",8247500232,"",RJIO,ANDHRA PRADESH
