9730881319-21,CSFINs,2/4/2020 11:41,2/4/2020 11:41,DELIVRD,Stock Cash: BUY 500 shares of MCDOWELL-N ABOVE 639 TG1 644 TG2 650 SL 630. www.capitalstroke.com 7773002966,81,1,1,NULL,7470710766,"",Airtel,MADHYA PRADESH
f98958c6-ebaa-4adb-a2ef-4ddaac516fa3:21,CSFINs,2/4/2020 14:47,2/4/2020 14:47,DELIVRD,Followup: MCDOWELL-N Target 1 achieved (644) Book Some Profit. www.capitalstroke.com 7773002966,91,1,1,NULL,7470710766,"",Airtel,MADHYA PRADESH
c78056ef-0fa7-4b86-bdae-39bf7cbbbe2c:27,CSFINs,3/4/2020 10:10,3/4/2020 10:10,DELIVRD,Stock Cash: BUY 1000 shares of INFY       AT 757.50 TG1 763.50 TG2 769.50 SL 750.50. www.capitalstroke.com 7773002966,88,1,1,NULL,7470710766,"",Airtel,MADHYA PRADESH
9730897691-24,CSFINS,3/4/2020 13:33,3/4/2020 13:33,DELIVRD,Stock Cash: SELL 1100 shares of M&M        AT 464.50 TG1 460.50 TG2 456.50 SL 468.50. www.capitalstroke.com 7773002966,104,1,1,NULL,7470710766,"",Airtel,MADHYA PRADESH
adec4476-3b11-40db-b4c2-8a6a7656ca1b:75,CSFINS,3/4/2020 15:28,3/4/2020 15:28,DELIVRD,Alert: M&M        SL Triggered (468.50) Please Quit. www.capitalstroke.com 7773002966,112,1,1,NULL,7470710766,"",Airtel,MADHYA PRADESH
c0d7f1b2-4917-45ed-9511-1335ac6074d1:31,CSFINs,8/4/2020 10:14,8/4/2020 10:14,DELIVRD,Stock Cash: BUY 300 shares of JUBLFOOD   ABOVE 1818 TG1 1830 TG2 1845 SL 1805. www.capitalstroke.com 7773002966,120,1,1,NULL,7470710766,"",Airtel,MADHYA PRADESH
4f346c49-778c-41b2-a7e8-86344467fd15:31,CSFINs,8/4/2020 10:33,8/4/2020 10:33,DELIVRD,Alert: JUBLFOOD   SL Triggered (1805) Please Quit. www.capitalstroke.com 7773002966,81,1,1,NULL,7470710766,"",Airtel,MADHYA PRADESH
0434f325-3476-4e9a-ab8d-ac8eb1fe667e:35,CSFINS,9/3/2020 11:11,9/3/2020 11:11,DELIVRD,Stock Cash: BUY 300 shares of MUTHOOTFIN ABOVE 1135.05 TG1 1149.05 TG2 1171.05 SL 1117.05. www.capitalstroke.com 7773002966,NULL,6376786875,"","",7470710766,"",Airtel,MADHYA PRADESH
c0d7f1b2-4917-45ed-9511-1335ac6074d1:35,CSFINs,9/3/2020 14:06,9/3/2020 14:06,DELIVRD,Stock Cash: SELL 1500 shares of JSWSTEEL   BELOW 295 TG1 292 TG2 287 SL 299.05. www.capitalstroke.com 7773002966,"","","","",7470710766,"",Airtel,MADHYA PRADESH
4f346c49-778c-41b2-a7e8-86344467fd15:35,CSFINs,9/3/2020 14:35,9/3/2020 14:35,DELIVRD,Followup: JSWSTEEL   Book Partial Profit at CMP (293 ). www.capitalstroke.com 7773002966,"","","","",7470710766,"",Airtel,MADHYA PRADESH
9730895527-32,CSFINs,9/3/2020 15:01,9/3/2020 15:01,DELIVRD,Alert: MUTHOOTFIN Exit at Cost CMP(1135 ). www.capitalstroke.com 7773002966,NULL,6376786875,"","",7470710766,"",Airtel,MADHYA PRADESH
cf4e6de9-a990-4968-b107-870b2d80e45c:35,CSFINs,9/4/2020 10:23,9/4/2020 10:23,DELIVRD,Stock Cash: BUY 1000 shares of ICICIPRULI ABOVE 424.05 TG1 428.05 TG2 440.05 SL 416.05. www.capitalstroke.com 7773002966,"","","","",7470710766,"",Airtel,MADHYA PRADESH
9730895815-32,CSFINs,9/4/2020 12:39,9/4/2020 12:39,DELIVRD,Alert: ICICIPRULI Exit at CMP( 425.05). www.capitalstroke.com 7773002966,"","","","",7470710766,"",Airtel,MADHYA PRADESH
c78056ef-0fa7-4b86-bdae-39bf7cbbbe2c:35,CSFINs,9/4/2020 13:04,9/4/2020 13:04,DELIVRD,Stock Cash: BUY 2500 shares of RECLTD     ABOVE 110.45 TG1 112.10 TG2 115.45 SL 108.05. www.capitalstroke.com 7773002966,NULL,6376786875,"","",7470710766,"",Airtel,MADHYA PRADESH
9730897691-32,CSFINs,9/4/2020 15:17,9/4/2020 15:17,DELIVRD,Alert: RECLTD     Exit at CMP( 110.05). www.capitalstroke.com 7773002966,NULL,6376786875,"","",7470710766,"",Airtel,MADHYA PRADESH
