f98958c6-ebaa-4adb-a2ef-4ddaac516fa3:18,CSFINs,1/2/2020 12:14,1/2/2020 12:14,DELIVRD,Stock Cash: BUY 500 shares of CUMMINSIND ABOVE 558 TG1 563 TG2 570 SL 553. www.capitalstroke.com 7773002966,98,1,1,NULL,9927329693,"",IDEA,UP WEST
0434f325-3476-4e9a-ab8d-ac8eb1fe667e:21,CSFINs,1/2/2020 14:03,1/2/2020 14:03,DELIVRD,Followup: CUMMINSIND Target 1 achieved (563) Book Some Profit. www.capitalstroke.com 7773002966,83,1,1,NULL,9927329693,"",IDEA,UP WEST
c0d7f1b2-4917-45ed-9511-1335ac6074d1:27,CSFINs,3/2/2020 9:39,3/2/2020 9:39,DELIVRD,Stock Cash: BUY 1000 shares of HCLTECH    ABOVE 696 TG1 702 TG2 708 SL 689. www.capitalstroke.com 7773002966,118,1,1,NULL,9927329693,"",IDEA,UP WEST
4f346c49-778c-41b2-a7e8-86344467fd15:27,CSFINs,3/2/2020 9:41,3/2/2020 9:41,DELIVRD,Stock Cash CORRECTION: BUY 1000 shares of GRASIM ABOVE 696 TG1 702 TG2 708 SL 689. www.capitalstroke.com 7773002966,117,1,1,NULL,9927329693,"",IDEA,UP WEST
9730895527-24,CSFINS,3/2/2020 12:11,3/2/2020 12:11,DELIVRD,Stock Cash: BUY 1100 shares of TECHM      ABOVE 750 TG1 757 TG2 764 SL 743. www.capitalstroke.com 7773002966,102,1,1,NULL,9927329693,"",IDEA,UP WEST
adec4476-3b11-40db-b4c2-8a6a7656ca1b:82,CSFINs,9/2/2020 11:00,9/2/2020 11:00,DELIVRD,Stock Cash: BUY 400 shares of BALKRISIND ABOVE 1297.10 TG1 1307.10 TG2 1327.10 SL 1282.10. www.capitalstroke.com 7773002966,NULL,6376786875,"","",9927329693,"",IDEA,UP WEST
17085a34-ff43-4f29-9ade-bc9a0e1584d3:96,CSFINs,9/2/2020 13:24,9/2/2020 13:24,DELIVRD,Followup: BALKRISIND Book Partial Profit at CMP(1303 ). www.capitalstroke.com 7773002966,NULL,6376786875,"","",9927329693,"",IDEA,UP WEST
9730877195-32,CSFINS,9/2/2020 14:10,9/2/2020 14:10,DELIVRD,Followup: BALKRISIND Target 1 achieved (1307.10) Book More Profit. www.capitalstroke.com 7773002966,NULL,6376786875,"","",9927329693,"",IDEA,UP WEST
a1b76286-c510-448a-982a-6ea15bb9485b:35,CSFINs,9/2/2020 14:54,9/2/2020 14:54,DELIVRD,Followup: BALKRISIND Recent High Again Now (1320.50) Book More Profit. www.capitalstroke.com 7773002966,NULL,6376786875,"","",9927329693,"",IDEA,UP WEST
9730881319-32,CSFINs,9/2/2020 15:29,9/2/2020 15:29,DELIVRD,Followup: BALKRISIND Target 2 ALMOST achieved (1325.10) Made A High Just Now. www.capitalstroke.com 7773002966,NULL,6376786875,"","",9927329693,"",IDEA,UP WEST
f98958c6-ebaa-4adb-a2ef-4ddaac516fa3:32,CSFINs,9/2/2020 15:33,9/2/2020 15:33,DELIVRD,Followup: BALKRISIND Target 2 achieved (1327) Book Full Profit. www.capitalstroke.com 7773002966,NULL,6376786875,"","",9927329693,"",IDEA,UP WEST
